{
  "version": 1,
  "disable_existing_loggers": false,
  "loggers": {
    "root": {
      "handlers": [
        "json"
      ],
      "level": "INFO"
    }
  },
  "handlers": {
    "json": {
      "class": "logging.StreamHandler",
      "level": "INFO",
      "formatter": "json",
      "stream": "ext://sys.stdout"
    }
  },
  "formatters": {
    "json": {
      "()": "pythonjsonlogger.jsonlogger.JsonFormatter",
      "format": "[%(levelname)8s] %(message)s %(filename)s:%(lineno)d",
      "rename_fields": {
        "levelname": "level"
      }
    }
  }
}
